v3,16/Jun/2025,10:17:22,UTC

SCRIPT
Name,Arquivar discussão
Description,
Created,16/Jun/2025,06:18:15

REPORT COMMENTS
(none)

,,,show,number,1,,,2,,,3,,,4,,
,,,show,tester,Gabriel Pereira,,,Diogo Almeida,,,Leandro Domingos,,,Ricardo Vicente,,
,,,show,date,16 Jun 2025,,,16 Jun 2025,,,16 Jun 2025,,,16 Jun 2025,,
,,,hide,time,06:19:03,,,06:19:49,,,06:20:00,,,06:20:07,,
,,,hide,tag filter,ALL,,,ALL,,,ALL,,,ALL,,
,,,show,build,,,,,,,,,,,,
""
,,,,pass,3,100%,,3,100%,,3,100%,,3,100%,
,,,,fail,0,0%,,0,0%,,0,0%,,0,0%,
,,,,blocked,0,0%,,0,0%,,0,0%,,0,0%,
,,,,tried,3,100%,,3,100%,,3,100%,,3,100%,

number,indent,text,tags,notes,result,issue,comment,result,issue,comment,result,issue,comment,result,issue,comment
1,1,Arquivar uma discussão – Sucesso,SUCCESS,,pass,,,pass,,,pass,,,pass,,
2,1,"Selecionar 2 discussões para arquivar
",FAIL,,pass,,,pass,,,pass,,,pass,,
3,1,"Cenário de Exceção: erro de conexão com a BD
",SYS_MESSAGE,,pass,,,pass,,,pass,,,pass,,
4,1,,,,,,,,,,,,,,,
