v3,16/Jun/2025,10:17:22,UTC

SCRIPT
Name,Consultar votação atual das regras de anotação
Description,
Created,15/Jun/2025,18:43:48

REPORT COMMENTS
(none)

,,,show,number,1,,,2,,,3,,,4,,
,,,show,tester,Vasile Karpa,,,Diogo Almeida,,,Ricardo Vicente,,,Gabriel Pereira,,
,,,show,date,15 Jun 2025,,,15 Jun 2025,,,15 Jun 2025,,,15 Jun 2025,,
,,,hide,time,20:48:18,,,20:48:22,,,20:48:27,,,20:48:31,,
,,,hide,tag filter,ALL,,,ALL,,,ALL,,,ALL,,
,,,show,build,,,,,,,,,,,,
""
,,,,pass,4,100%,,4,100%,,4,100%,,4,100%,
,,,,fail,0,0%,,0,0%,,0,0%,,0,0%,
,,,,blocked,0,0%,,0,0%,,0,0%,,0,0%,
,,,,tried,4,100%,,4,100%,,4,100%,,4,100%,

number,indent,text,tags,notes,result,issue,comment,result,issue,comment,result,issue,comment,result,issue,comment
1,1,Funcionalidades esperadas,,,,,,,,,,,,,,
2,2,Calcula a percentagem de votos corretamente,,,pass,,,pass,,,pass,,,pass,,
3,2,Mensagens de BD,LIGACAO BD,,pass,,,pass,,,pass,,,pass,,
4,2,Aparece vazio caso não haja dados,,,pass,,,pass,,,pass,,,pass,,
5,2,Dados fornecidos corretos,,se realmente mostra apenas o pedido e necessário,pass,,,pass,,,pass,,,pass,,
