v3,16/Jun/2025,10:17:22,UTC

SCRIPT
Name,Consultar histórico de discussões sobre regras de anotação
Description,
Created,15/Jun/2025,18:44:36

REPORT COMMENTS
(none)

,,,show,number,1,,,2,,,3,,,4,,
,,,show,tester,Vasile Karpa,,,Leandro Domingos,,,Diogo Almeida,,,Ricardo Vicente,,
,,,show,date,15 Jun 2025,,,15 Jun 2025,,,15 Jun 2025,,,15 Jun 2025,,
,,,hide,time,20:49:46,,,20:49:50,,,20:49:53,,,20:49:57,,
,,,hide,tag filter,ALL,,,ALL,,,ALL,,,ALL,,
,,,show,build,,,,,,,,,,,,
""
,,,,pass,6,100%,,6,100%,,6,100%,,6,100%,
,,,,fail,0,0%,,0,0%,,0,0%,,0,0%,
,,,,blocked,0,0%,,0,0%,,0,0%,,0,0%,
,,,,tried,6,100%,,6,100%,,6,100%,,6,100%,

number,indent,text,tags,notes,result,issue,comment,result,issue,comment,result,issue,comment,result,issue,comment
1,1,Consultar histórico,,,,,,,,,,,,,,
2,2,Consultar mais que uma discussão,,,pass,,,pass,,,pass,,,pass,,
3,2,Abrir e fechar histórico,,,pass,,,pass,,,pass,,,pass,,
4,2,Verificar status da discussão,,,pass,,,pass,,,pass,,,pass,,
5,2,Verificar descrição da discussão,,,pass,,,pass,,,pass,,,pass,,
6,2,Consultar a votação das regras,,,pass,,,pass,,,pass,,,pass,,
7,1,Mensagens de Erro,,,,,,,,,,,,,,
8,2,Conexão à BD,,,pass,,,pass,,,pass,,,pass,,
