v3,16/Jun/2025,10:17:22,UTC

SCRIPT
Name,Definir regras de anotação e configurar votação
Description,
Created,15/Jun/2025,18:43:59

REPORT COMMENTS
(none)

,,,show,number,1,,,2,,,2.1,,,3,,,4,,
,,,show,tester,Vasile Karpa,,,Leandro Domingos,,,Leandro Domingos,,,Ricardo Vicente,,,Gabriel Pereira,,
,,,show,date,15 Jun 2025,,,15 Jun 2025,,,16 Jun 2025,,,15 Jun 2025,,,15 Jun 2025,,
,,,hide,time,20:48:40,,,20:48:45,,,04:33:41,,,20:48:48,,,20:48:53,,
,,,hide,tag filter,ALL,,,ALL,,,ALL,,,ALL,,,ALL,,
,,,show,build,,,,,,,,,,,,,,,
""
,,,,pass,7,100%,,6,86%,,7,100%,,7,100%,,7,100%,
,,,,fail,0,0%,,1,14%,,0,0%,,0,0%,,0,0%,
,,,,blocked,0,0%,,0,0%,,0,0%,,0,0%,,0,0%,
,,,,tried,7,100%,,7,100%,,7,100%,,7,100%,,7,100%,

number,indent,text,tags,notes,result,issue,comment,result,issue,comment,result,issue,comment,result,issue,comment,result,issue,comment
1,1,Definir regras de anotação,,,,,,,,,,,,,,,,,
2,2,Criar uma regra,SUCESS,,pass,,,pass,,,,,,pass,,,pass,,
3,2,Criar várias regras,SUCESS,,pass,,,pass,,,,,,pass,,,pass,,
4,2,Criar duas regras com o mesmo nome,FAIL,,pass,,,fail,,,pass,,,pass,,,pass,,
5,2,Cancelar criação,SUCESS,,pass,,,pass,,,,,,pass,,,pass,,
6,1,Mensagens de Sistema,,,,,,,,,,,,,,,,,
7,2,Regra criada com sucesso,SUCESS SYS_MESSAGE,,pass,,,pass,,,,,,pass,,,pass,,
8,2,Várias regras criadas com sucesso,SUCESS SYS_MESSAGE,,pass,,,pass,,,,,,pass,,,pass,,
9,2,Falha de conexão à base de dados,FAIL SYS_MESSAGE,,pass,,,pass,,,,,,pass,,,pass,,
