v3,16/Jun/2025,10:17:22,UTC

SCRIPT
Name,Discutir as regras de anotação em ambiente colaborativo
Description,
Created,15/Jun/2025,18:43:35

REPORT COMMENTS
(none)

,,,show,number,1,,,2,,,3,,,4,,
,,,show,tester,Leandro Domingos,,,Diogo Almeida,,,Ricardo Vicente,,,Gabriel Pereira,,
,,,show,date,15 Jun 2025,,,15 Jun 2025,,,15 Jun 2025,,,15 Jun 2025,,
,,,hide,time,20:47:59,,,20:48:04,,,20:48:07,,,20:48:11,,
,,,hide,tag filter,ALL,,,ALL,,,ALL,,,ALL,,
,,,show,build,,,,,,,,,,,,
""
,,,,pass,5,100%,,5,100%,,5,100%,,5,100%,
,,,,fail,0,0%,,0,0%,,0,0%,,0,0%,
,,,,blocked,0,0%,,0,0%,,0,0%,,0,0%,
,,,,tried,5,100%,,5,100%,,5,100%,,5,100%,

number,indent,text,tags,notes,result,issue,comment,result,issue,comment,result,issue,comment,result,issue,comment
1,1,Cenário Principal: Enviar uma mensagem no chat de discussão – Sucesso,SUCCESS,,pass,,,pass,,,pass,,,pass,,
2,1,Ver o histórico da conversa,SUCCESS,,pass,,,pass,,,pass,,,pass,,
3,1,Cenário de Exceção: erro de conexão com a BD,SYS_MESSAGE,,pass,,,pass,,,pass,,,pass,,
4,1,Mensagem enviada com nome do autor,SUCCESS,,pass,,,pass,,,pass,,,pass,,
5,1,Mensagem enviada com timing,SUCCESS,,pass,,,pass,,,pass,,,pass,,
