v3,16/Jun/2025,10:17:22,UTC

SCRIPT
Name,Votar nas regras de anotação
Description,PASS
Created,15/Jun/2025,18:44:26

REPORT COMMENTS
(none)

,,,show,number,1,,,2,,,3,,,4,,
,,,show,tester,Vasile Karpa,,,Leandro Domingos,,,Diogo Almeida,,,Gabriel Pereira,,
,,,show,date,15 Jun 2025,,,15 Jun 2025,,,15 Jun 2025,,,15 Jun 2025,,
,,,hide,time,20:49:21,,,20:49:25,,,20:49:30,,,20:49:35,,
,,,hide,tag filter,ALL,,,ALL,,,ALL,,,ALL,,
,,,show,build,,,,,,,,,,,,
,,,show,,,,,,,,,,,,,
""
,,,,pass,4,100%,,4,100%,,4,100%,,4,100%,
,,,,fail,0,0%,,0,0%,,0,0%,,0,0%,
,,,,blocked,0,0%,,0,0%,,0,0%,,0,0%,
,,,,tried,4,100%,,4,100%,,4,100%,,4,100%,

number,indent,text,tags,notes,result,issue,comment,result,issue,comment,result,issue,comment,result,issue,comment
1,1,Votação,,,,,,,,,,,,,,
2,2,Selecionar uma regra pra votar,,,pass,,,pass,,,pass,,,pass,,
3,2,Cancelar votação,,,pass,,,pass,,,pass,,,pass,,
4,1,Mensagens do sistema,,,,,,,,,,,,,,
5,2,Confirmação de voto,,,pass,,,pass,,,pass,,,pass,,
6,2,Erro de base de dados,,,pass,,,pass,,,pass,,,pass,,
