v3,16/Jun/2025,10:17:22,UTC

SCRIPT
Name,Produzir estatística sobre anotações com vários filtros
Description,
Created,15/Jun/2025,18:47:13

REPORT COMMENTS
(none)

,,,show,number,1,,,2,,,3,,,4,,
,,,show,tester,Vasile Karpa,,,Leandro Domingos,,,Diogo Almeida,,,Gabriel Pereira,,
,,,show,date,15 Jun 2025,,,15 Jun 2025,,,15 Jun 2025,,,15 Jun 2025,,
,,,hide,time,20:51:14,,,20:51:22,,,20:51:32,,,20:51:35,,
,,,hide,tag filter,ALL,,,ALL,,,ALL,,,ALL,,
,,,show,build,,,,,,,,,,,,
""
,,,,pass,3,100%,,3,100%,,3,100%,,3,100%,
,,,,fail,0,0%,,0,0%,,0,0%,,0,0%,
,,,,blocked,0,0%,,0,0%,,0,0%,,0,0%,
,,,,tried,3,100%,,3,100%,,3,100%,,3,100%,

number,indent,text,tags,notes,result,issue,comment,result,issue,comment,result,issue,comment,result,issue,comment
1,1,Produzir estatística sobre anotações,,,,,,,,,,,,,,
2,2,Selecionar filtro de Labels,,,pass,,,pass,,,pass,1,Fail fetching API data,pass,,
3,2,Exportar csv,,,pass,,,pass,,,pass,,,pass,,
4,1,Mensagens de Erro,,,,,,,,,,,,,,
5,2,Conexão BD,,,pass,,,pass,,,pass,,,pass,,
