v3,16/Jun/2025,10:17:22,UTC

SCRIPT
Name,Produzir relatório sobre anotações com vários filtros
Description,
Created,15/Jun/2025,18:46:53

REPORT COMMENTS
(none)

,,,show,number,2,,,2.2,,,3,,,4,,,7,,
,,,show,tester,Leandro Domingos,,,Leandro Domingos,,,Ricardo Vicente,,,Gabriel Pereira,,,Vasile Karpa,,
,,,show,date,15 Jun 2025,,,16 Jun 2025,,,15 Jun 2025,,,15 Jun 2025,,,16 Jun 2025,,
,,,hide,time,20:50:56,,,02:52:53,,,20:51:01,,,20:51:05,,,02:23:58,,
,,,hide,tag filter,ALL,,,ALL,,,ALL,,,ALL,,,ALL,,
,,,hide,build,,,,,,,,,,,,,,,
""
,,,,pass,0,0%,,8,100%,,8,100%,,8,100%,,8,100%,
,,,,fail,0,0%,,0,0%,,0,0%,,0,0%,,0,0%,
,,,,blocked,0,0%,,0,0%,,0,0%,,0,0%,,0,0%,
,,,,tried,0,0%,,8,100%,,8,100%,,8,100%,,8,100%,

number,indent,text,tags,notes,result,issue,comment,result,issue,comment,result,issue,comment,result,issue,comment,result,issue,comment
1,1,Produção de relatório de anotações sem filtros,,,,,,,,,,,,,,,,,
2,2,Produzir relatório sem filtros,PRODUCAO_RELATORIO,"OBJETIVO:
Verificar se o sistema produz relatório corretamente sem filtros

PRÉ-CONDIÇÕES:
- Utilizador logado com permissões
- Existem anotações na base de dados para testar

PASSOS:
1. Navegar para página de relatórios
2. Clicar ""Gerar Relatório""
3. Verificar resultados apresentados

RESULTADO ESPERADO:
- Relatório gerado com sucesso
- Apenas anotações que correspondem aos filtros são exibidas
- Layout do relatório está correto

CRITÉRIOS DE ACEITAÇÃO:
✅ PASSA: Relatório está correto
❌ FALHA: dados incorretos OU erro no sistema",,,,pass,,,pass,,,pass,,,pass,,
3,2,Exportar relatório sem filtros,PRODUCAO_RELATORIO,"OBJETIVO:
Verificar se o sistema produz relatório corretamente sem filtros

PRÉ-CONDIÇÕES:
- Utilizador logado com permissões
- Existem anotações na base de dados para testar

PASSOS:
1. Navegar para página de relatórios
2. Clicar ""Generate Report""
3. Clicar ""Export""
4. Verificar ficheiro exportado.

RESULTADO ESPERADO:
- Relatório gerado com sucesso
- Apenas anotações que correspondem aos filtros são exibidas
- Layout do relatório está correto

CRITÉRIOS DE ACEITAÇÃO:
✅ PASSA: Relatório foi exportado
❌ FALHA: dados incorretos OU erro no sistema",,,,pass,,,pass,,,pass,,,pass,,
4,1,Produção de relatório de anotações com filtros,,,,,,,,,,,,,,,,,
5,2,Aplicar filtro por data,FILTRO,,,,,pass,,,pass,,,pass,,,pass,,
6,2,Aplicar filtro por utilizador,FILTRO,,,,,pass,,,pass,,,pass,,,pass,,
7,2,Aplicar múltiplos filtros,FILTRO,,,,,pass,,,pass,,,pass,,,pass,,
8,1,Mensagens do Sistema,,,,,,,,,,,,,,,,,
9,2,Filtro sem resultados,MENSAGEM_SISTEMA,,,,,pass,,,pass,,,pass,,,pass,,
10,2,Relatório produzido com sucesso,MENSAGEM_SISTEMA,,,,,pass,,,pass,,,pass,,,pass,,
11,2,Falha na conexão à base de dados,MENSAGEM_SISTEMA,,,,,pass,,,pass,,,pass,,,pass,,
