v3,16/Jun/2025,10:17:22,UTC

SCRIPT
Name,Produzir relatório sobre anotadores com vários filtros
Description,
Created,15/Jun/2025,18:45:06

REPORT COMMENTS
(none)

,,,show,number,1,,,2,,,3,,,4,,
,,,show,tester,Leandro Domingos,,,Diogo Almeida,,,Ricardo Vicente,,,Gabriel Pereira,,
,,,show,date,15 Jun 2025,,,15 Jun 2025,,,15 Jun 2025,,,15 Jun 2025,,
,,,hide,time,20:50:14,,,20:50:18,,,20:50:21,,,20:50:24,,
,,,hide,tag filter,ALL,,,ALL,,,ALL,,,ALL,,
,,,show,build,,,,,,,,,,,,
""
,,,,pass,4,100%,,4,100%,,4,100%,,4,100%,
,,,,fail,0,0%,,0,0%,,0,0%,,0,0%,
,,,,blocked,0,0%,,0,0%,,0,0%,,0,0%,
,,,,tried,4,100%,,4,100%,,4,100%,,4,100%,

number,indent,text,tags,notes,result,issue,comment,result,issue,comment,result,issue,comment,result,issue,comment
1,1,"Cenário Principal: Gerar um relatório sobre anotadores com filtro de data aplicado– Sucesso
",SUCCESS,,pass,,,pass,,,pass,,,pass,,
2,1,Cenário Alternativo: intervalo de datas sem dados,FAIL & SYS_MESSAGE,,pass,,,pass,,,pass,,,pass,,
3,1,Cenário de Exceção: erro de conexão com a BD,SYS_MESSAGE,,pass,,,pass,,,pass,,,pass,,
4,1,"Gerar um relatório sobre anotadores sem filtro de data aplicado– Sucesso
",SUCCESS,,pass,,,pass,,,pass,,,pass,,
