v3,16/Jun/2025,10:17:22,UTC

SCRIPT
Name,Produzir estatística sobre anotadores com vários filtros
Description,
Created,15/Jun/2025,18:47:22

REPORT COMMENTS
(none)

,,,show,number,1,,,1.1,,,2,,,3,,,4,,
,,,show,tester,Vasile Karpa,,,Vasile Karpa,,,Leandro Domingos,,,Diogo Almeida,,,Gabriel Pereira,,
,,,show,date,15 Jun 2025,,,16 Jun 2025,,,15 Jun 2025,,,15 Jun 2025,,,15 Jun 2025,,
,,,hide,time,20:51:43,,,06:15:35,,,20:51:49,,,20:51:53,,,20:51:57,,
,,,hide,tag filter,ALL,,,ALL,,,ALL,,,ALL,,,ALL,,
,,,show,build,,,,,,,,,,,,,,,
""
,,,,pass,2,67%,,1,33%,,2,67%,,2,67%,,2,67%,
,,,,fail,1,33%,,2,67%,,1,33%,,1,33%,,1,33%,
,,,,blocked,0,0%,,0,0%,,0,0%,,0,0%,,0,0%,
,,,,tried,3,100%,,3,100%,,3,100%,,3,100%,,3,100%,

number,indent,text,tags,notes,result,issue,comment,result,issue,comment,result,issue,comment,result,issue,comment,result,issue,comment
1,1,Produzir estatística,,,,,,,,,,,,,,,,,
2,2,Sem filtros,,,pass,,,pass,,,pass,,,pass,1,Error on data fetched from API,pass,,
3,2,Com filtros,,,pass,,,fail,,,fail,,,fail,,,fail,,
4,1,Mensagens do sistema,,,,,,,,,,,,,,,,,
5,2,Erro na BD,,,fail,,,fail,,,pass,,,pass,,,pass,,
