v3,16/Jun/2025,10:17:22,UTC

SCRIPT
Name,Produzir relatório sobre o hist de anotações com vários filtros
Description,
Created,15/Jun/2025,18:45:34

REPORT COMMENTS
(none)

,,,show,number,1,,,2,,,3,,,4,,
,,,show,tester,Vasile Karpa,,,Diogo Almeida,,,Ricardo Vicente,,,Gabriel Pereira,,
,,,show,date,15 Jun 2025,,,15 Jun 2025,,,15 Jun 2025,,,15 Jun 2025,,
,,,hide,time,20:50:31,,,20:50:36,,,20:50:40,,,20:50:44,,
,,,hide,tag filter,ALL,,,ALL,,,ALL,,,ALL,,
,,,show,build,,,,,,,,,,,,
""
,,,,pass,7,100%,,7,100%,,7,100%,,7,100%,
,,,,fail,0,0%,,0,0%,,0,0%,,0,0%,
,,,,blocked,0,0%,,0,0%,,0,0%,,0,0%,
,,,,tried,7,100%,,7,100%,,7,100%,,7,100%,

number,indent,text,tags,notes,result,issue,comment,result,issue,comment,result,issue,comment,result,issue,comment
1,1,Funcionalidade esperadas,,,,,,,,,,,,,,
2,2,Funciona,,,pass,,,pass,,,pass,,,pass,,
3,2,Consegue fazer exportação,,Se é possível fazer exportação para um ficheiro xlxs apos gerar o layout do relatório,pass,,,pass,,,pass,,,pass,,
4,2,Erros,,,pass,,,pass,,Podia ter mais erros,pass,,,pass,,
5,2,Filtros utilizados coerentes com o tema,,Existe algum filtro sem funcionalidade,pass,,,pass,,,pass,,,pass,,
6,2,Dados utilizados corretos,,apenas fornece o necessário,pass,,,pass,,,pass,,,pass,,
7,2,Mensagens de BD,LIGACAO BD,,pass,,,pass,,,pass,,,pass,,
8,2,Data utilizada válida,,,pass,,,pass,,,pass,,,pass,,
