v3,16/Jun/2025,10:17:22,UTC

SCRIPT
Name,Alterar perspetiva
Description,
Created,15/Jun/2025,18:42:14

REPORT COMMENTS
(none)

,,,show,number,1,,,2,,,3,,,4,,
,,,show,tester,Vasile Karpa,,,Leandro Domingos,,,Ricardo Vicente,,,Gabriel Pereira,,
,,,show,date,15 Jun 2025,,,15 Jun 2025,,,15 Jun 2025,,,15 Jun 2025,,
,,,hide,time,20:46:32,,,20:46:44,,,20:46:47,,,20:46:51,,
,,,hide,tag filter,ALL,,,ALL,,,ALL,,,ALL,,
,,,show,build,,,,,,,,,,,,
""
,,,,pass,9,100%,,9,100%,,9,100%,,9,100%,
,,,,fail,0,0%,,0,0%,,0,0%,,0,0%,
,,,,blocked,0,0%,,0,0%,,0,0%,,0,0%,
,,,,tried,9,100%,,9,100%,,9,100%,,9,100%,

number,indent,text,tags,notes,result,issue,comment,result,issue,comment,result,issue,comment,result,issue,comment
1,1,Alterar perspetiva,,,,,,,,,,,,,,
2,2,Alterar Título,SUCCESS,,pass,,,pass,,,pass,,,pass,,
3,2,Alterar Nome de Label,SUCCESS,,pass,,,pass,,,pass,,,pass,,
4,2,Alterar Tipo de Label,SUCCESS,,pass,,,pass,,,pass,,,pass,,
5,2,"Alterar Especificações do Data Type ""Opção de Lista""",SUCCESS,,pass,,,pass,,,pass,,,pass,,
6,2,"Alterar Especificações do Data Type ""Número inteiro""",SUCCESS,,pass,,,pass,,,pass,,,pass,,Possible formatting mistake on int data type
7,2,Adicionar Label,SUCCESS,,pass,,,pass,,,pass,,,pass,,
8,2,ADICIONAR O MAXIMO DE LABELS POSSVEIS (7),SUCCESS,,pass,,,pass,,,pass,,,pass,,
9,1,Mensagens de Sistema,,,,,,,,,,,,,,
10,2,Perspetiva alterada,VALID_DATA SYS_MESSAGE,,pass,,,pass,,,pass,,,pass,,
11,2,Falha na conexão com a base de dados,VALID_OR_INVALID_DATA SYS_MESSAGE,,pass,,,pass,,,pass,,,pass,,
