v3,16/Jun/2025,10:17:22,UTC

SCRIPT
Name,Associar anotadores a perspetivas
Description,
Created,15/Jun/2025,18:41:57

REPORT COMMENTS
(none)

,,,show,number,1,,,2,,,3,,,4,,
,,,show,tester,Vasile Karpa,,,Diogo Almeida,,,Ricardo Vicente,,,Gabriel Pereira,,
,,,show,date,15 Jun 2025,,,15 Jun 2025,,,15 Jun 2025,,,15 Jun 2025,,
,,,hide,time,20:46:08,,,20:46:12,,,20:46:18,,,20:46:24,,
,,,hide,tag filter,ALL,,,ALL,,,ALL,,,ALL,,
,,,show,build,,,,,,,,,,,,
""
,,,,pass,5,100%,,5,100%,,5,100%,,5,100%,
,,,,fail,0,0%,,0,0%,,0,0%,,0,0%,
,,,,blocked,0,0%,,0,0%,,0,0%,,0,0%,
,,,,tried,5,100%,,5,100%,,5,100%,,5,100%,

number,indent,text,tags,notes,result,issue,comment,result,issue,comment,result,issue,comment,result,issue,comment
1,1,Funcionalidades esperadas,,,,,,,,,,,,,,
2,2,Cria respostas,,,pass,,,pass,,,pass,,,pass,,
3,2,Associa anotadores a perspetiva com base na resposta,,,pass,,,pass,,,pass,,,pass,,
4,2,Botões funcionam com mensagens,,,pass,,,pass,,,pass,,,pass,,
5,2,Mensagem BD,,,pass,,,pass,,,pass,,,pass,,
6,2,Redireciona,,,pass,,,pass,,,pass,,,pass,,
