v3,16/Jun/2025,10:17:22,UTC

SCRIPT
Name,Consultar perspetiva
Description,
Created,15/Jun/2025,18:42:27

REPORT COMMENTS
(none)

,,,show,number,1,,,2,,,3,,,4,,
,,,show,tester,Vasile Karpa,,,Leandro Domingos,,,Diogo Almeida,,,Ricardo Vicente,,
,,,show,date,15 Jun 2025,,,15 Jun 2025,,,15 Jun 2025,,,15 Jun 2025,,
,,,hide,time,20:47:28,,,20:47:33,,,20:47:39,,,20:47:46,,
,,,hide,tag filter,ALL,,,ALL,,,ALL,,,ALL,,
,,,show,build,,,,,,,,,,,,
""
,,,,pass,6,100%,,6,100%,,6,100%,,6,100%,
,,,,fail,0,0%,,0,0%,,0,0%,,0,0%,
,,,,blocked,0,0%,,0,0%,,0,0%,,0,0%,
,,,,tried,6,100%,,6,100%,,6,100%,,6,100%,

number,indent,text,tags,notes,result,issue,comment,result,issue,comment,result,issue,comment,result,issue,comment
1,1,Consultar a perspetiva,,,,,,,,,,,,,,
2,2,Consultar o título da perspetiva,,,pass,,,pass,,,pass,,,pass,,
3,2,Consultar descrição da perspetiva,,,pass,,,pass,,,pass,,,pass,,
4,2,Consultar quem criou a pespetiva,,,pass,,,pass,,,pass,,,pass,,
5,2,Consultar quando criaram a perspetiva,,,pass,,,pass,,,pass,,,pass,,
6,2,Consultar os labels da perspetiva,,,pass,,,pass,,,pass,,,pass,,
7,1,Mensagens de Erro,,,,,,,,,,,,,,
8,2,Conexão à BD,,,pass,,,pass,,,pass,,,pass,,
