v3,16/Jun/2025,10:17:22,UTC

SCRIPT
Name,Criar perspetiva
Description,
Created,15/Jun/2025,18:41:45

REPORT COMMENTS
(none)

,,,show,number,1,,,2,,,3,,,4,,
,,,show,tester,Leandro Domingos,,,Diogo Almeida,,,Ricardo Vicente,,,Gabriel Pereira,,
,,,show,date,15 Jun 2025,,,15 Jun 2025,,,15 Jun 2025,,,15 Jun 2025,,
,,,hide,time,20:45:41,,,20:45:47,,,20:45:53,,,20:45:59,,
,,,hide,tag filter,ALL,,,ALL,,,ALL,,,ALL,,
,,,show,build,,,,,,,,,,,,
""
,,,,pass,6,100%,,6,100%,,6,100%,,6,100%,
,,,,fail,0,0%,,0,0%,,0,0%,,0,0%,
,,,,blocked,0,0%,,0,0%,,0,0%,,0,0%,
,,,,tried,6,100%,,6,100%,,6,100%,,6,100%,

number,indent,text,tags,notes,result,issue,comment,result,issue,comment,result,issue,comment,result,issue,comment
1,1, Criar uma perspetiva – Sucesso,SUCCESS,,pass,,,pass,,,pass,,,pass,,
2,1,Cenário Alternativo: criar uma perspetiva com um título que já existe.,FAIL,,pass,,,pass,,,pass,,,pass,,
3,1,Cenário de Exceção: erro de conexão com a BD,SYS_MESSAGE,,pass,,,pass,,,pass,,,pass,,
4,1,Cancelar a criação uma perspetiva,SUCCESS,,pass,,,pass,,,pass,,,pass,,
5,1,Falha ao criar quando se insere Min maior do que Max,FAIL,,pass,,,pass,,,pass,,,pass,,
6,1,Falha ao criar se não colocar titulo,FAIL,,pass,,,pass,,,pass,,,pass,,
