v3,16/Jun/2025,10:17:22,UTC

SCRIPT
Name,Remover perspetiva
Description,
Created,15/Jun/2025,18:42:17

REPORT COMMENTS
(none)

,,,show,number,1,,,2,,,3,,,4,,
,,,show,tester,Vasile Karpa,,,Leandro Domingos,,,Diogo Almeida,,,Gabriel Pereira,,
,,,show,date,15 Jun 2025,,,15 Jun 2025,,,15 Jun 2025,,,15 Jun 2025,,
,,,hide,time,20:47:00,,,20:47:06,,,20:47:11,,,20:47:17,,
,,,hide,tag filter,ALL,,,ALL,,,ALL,,,ALL,,
,,,show,build,,,,,,,,,,,,
""
,,,,pass,6,100%,,6,100%,,6,100%,,6,100%,
,,,,fail,0,0%,,0,0%,,0,0%,,0,0%,
,,,,blocked,0,0%,,0,0%,,0,0%,,0,0%,
,,,,tried,6,100%,,6,100%,,6,100%,,6,100%,

number,indent,text,tags,notes,result,issue,comment,result,issue,comment,result,issue,comment,result,issue,comment
1,1,Remover perspetiva,,,,,,,,,,,,,,
2,2,Remover uma perspetiva,,,pass,,,pass,,,pass,,,pass,,
3,2,Remover várias perspetivas,,,pass,,,pass,,,pass,,,pass,,
4,2,Cancelar delete,,,pass,,,pass,,,pass,,,pass,,
5,1,Mensagens do sistema,,,,,,,,,,,,,,
6,2,Sucesso,,,pass,,,pass,,,pass,,,pass,,
7,2,Cancelamento,,,pass,,,pass,,,pass,,,pass,,
8,2,Erro na BD,,,pass,,,pass,,,pass,,,pass,,
