v3,16/Jun/2025,10:17:22,UTC

SCRIPT
Name,Comparação automática de anotações múltiplas
Description,
Created,15/Jun/2025,18:40:17

REPORT COMMENTS
(none)

,,,show,number,1,,,2,,,3,,,4,,
,,,show,tester,Vasile Karpa,,,Diogo Almeida,,,Ricardo Vicente,,,Gabriel Pereira,,
,,,show,date,15 Jun 2025,,,15 Jun 2025,,,15 Jun 2025,,,15 Jun 2025,,
,,,hide,time,20:40:39,,,20:40:45,,,20:40:50,,,20:41:19,,
,,,hide,tag filter,ALL,,,ALL,,,ALL,,,ALL,,
,,,show,build,,,,,,,,,,,,
""
,,,,pass,5,100%,,5,100%,,5,100%,,5,100%,
,,,,fail,0,0%,,0,0%,,0,0%,,0,0%,
,,,,blocked,0,0%,,0,0%,,0,0%,,0,0%,
,,,,tried,5,100%,,5,100%,,5,100%,,5,100%,

number,indent,text,tags,notes,result,issue,comment,result,issue,comment,result,issue,comment,result,issue,comment
1,1,Funcionalidades Esperadas,,,,,,,,,,,,,,
2,2,Sistemas mostra as percentagens de utilização de labels correta,,,pass,,,pass,,,pass,,,pass,,
3,2,Não mostra nada caso não tenham havido anotações,,,pass,,,pass,,,pass,,,pass,,
4,2,Mensagens para a BD,LIGACAO BD,,pass,,,pass,,,pass,,,pass,,
5,2,Só recebe dados necessários,LABELS,Se fornece apenas o que realmente menciona,pass,,,pass,,,pass,,,pass,,
6,2,Redireciona,,move para outra página,pass,,,pass,,,pass,,,pass,,
7,2,,,,,,,,,,,,,,,
