v3,16/Jun/2025,10:17:22,UTC

SCRIPT
Name,Possibilidade de anotadores visualizarem diferenças
Description,
Created,15/Jun/2025,18:39:49

REPORT COMMENTS
(none)

,,,show,number,1,,,2,,,3,,,4,,
,,,show,tester,Leandro Domingos,,,Diogo Almeida,,,Ricardo Vicente,,,Gabriel Pereira,,
,,,show,date,15 Jun 2025,,,15 Jun 2025,,,15 Jun 2025,,,15 Jun 2025,,
,,,hide,time,20:39:42,,,20:39:57,,,20:40:09,,,20:40:16,,
,,,hide,tag filter,ALL,,,ALL,,,ALL,,,ALL,,
,,,show,build,,,,,,,,,,,,
""
,,,,pass,3,100%,,3,100%,,3,100%,,3,100%,
,,,,fail,0,0%,,0,0%,,0,0%,,0,0%,
,,,,blocked,0,0%,,0,0%,,0,0%,,0,0%,
,,,,tried,3,100%,,3,100%,,3,100%,,3,100%,

number,indent,text,tags,notes,result,issue,comment,result,issue,comment,result,issue,comment,result,issue,comment
1,1,Cenário Principal: Possibilidade de anotadores visualizarem diferenças – Sucesso,SUCCESS,,pass,,,pass,,,pass,,,pass,,
2,1,Cenário Alternativo: Inexistência de desacordos para serem comparados,FAIL & SYS_MESSAGE,,pass,,,pass,,,pass,,,pass,,
3,1,"Cenário de Exceção: Erro de Conexão à Base de Dados
",SYS_MESSAGE,,pass,,,pass,,,pass,,,pass,,
