v3,16/Jun/2025,10:17:22,UTC

SCRIPT
Name,Possibilidade de anotadores discutirem diferenças
Description,
Created,15/Jun/2025,18:40:29

REPORT COMMENTS
(none)

,,,show,number,1,,,2,,,3,,,4,,
,,,show,tester,Vasile Karpa,,,Leandro Domingos,,,Ricardo Vicente,,,Gabriel Pereira,,
,,,show,date,15 Jun 2025,,,15 Jun 2025,,,15 Jun 2025,,,15 Jun 2025,,
,,,hide,time,20:41:45,,,20:41:50,,,20:41:56,,,20:42:02,,
,,,hide,tag filter,ALL,,,ALL,,,ALL,,,ALL,,
,,,show,build,,,,,,,,,,,,
""
,,,,pass,4,100%,,4,100%,,4,100%,,4,100%,
,,,,fail,0,0%,,0,0%,,0,0%,,0,0%,
,,,,blocked,0,0%,,0,0%,,0,0%,,0,0%,
,,,,tried,4,100%,,4,100%,,4,100%,,4,100%,

number,indent,text,tags,notes,result,issue,comment,result,issue,comment,result,issue,comment,result,issue,comment
1,1,Discussão ,,,,,,,,,,,,,,
2,2,Iniciar discussão,SUCESS,,pass,,,pass,,,pass,,,pass,,
3,2,Enviar mensagem na discussão,SUCESS,,pass,,,pass,,,pass,,,pass,,
4,2,Ver histórico completo da discussão,SUCESS,,pass,,,pass,,,pass,,,pass,,
5,1,Mensagens do Sistema,,,,,,,,,,,,,,
6,2,Falha de conexão com a base de dados ao enviar mensagem,SYS_MESSAGE,,pass,,,pass,,,pass,,,pass,,
