v3,16/Jun/2025,10:17:22,UTC

SCRIPT
Name,Registar/Sinalização de casos onde há discrepâncias
Description,
Created,15/Jun/2025,18:40:59

REPORT COMMENTS
(none)

,,,show,number,1,,,2,,,3,,,4,,
,,,show,tester,Vasile Karpa,,,Leandro Domingos,,,Diogo Almeida,,,Ricardo Vicente,,
,,,show,date,15 Jun 2025,,,15 Jun 2025,,,15 Jun 2025,,,15 Jun 2025,,
,,,hide,time,20:42:42,,,20:42:47,,,20:42:52,,,20:42:57,,
,,,hide,tag filter,ALL,,,ALL,,,ALL,,,ALL,,
,,,show,build,,,,,,,,,,,,
""
,,,,pass,3,100%,,3,100%,,3,100%,,3,100%,
,,,,fail,0,0%,,0,0%,,0,0%,,0,0%,
,,,,blocked,0,0%,,0,0%,,0,0%,,0,0%,
,,,,tried,3,100%,,3,100%,,3,100%,,3,100%,

number,indent,text,tags,notes,result,issue,comment,result,issue,comment,result,issue,comment,result,issue,comment
1,1,Consultar se há discrepancias,,,,,,,,,,,,,,
2,2,"Verificar que quando há discrepância, o botão torna-se YES",,,pass,,,pass,,,pass,,,pass,,
3,2,"Verificar que quando não há discrepância, o botão torna-se NO",,,pass,,,pass,,,pass,,,pass,,
4,1,Mensagens de Erro,,,,,,,,,,,,,,
5,2,Conexão à BD,,,pass,,,pass,,,pass,,,pass,,
