v3,16/Jun/2025,10:17:22,UTC

SCRIPT
Name,Visualizar anotações lado a lado
Description,
Created,15/Jun/2025,18:40:44

REPORT COMMENTS
(none)

,,,show,number,1,,,2,,,3,,,4,,
,,,show,tester,Vasile Karpa,,,Leandro Domingos,,,Diogo Almeida,,,Gabriel Pereira,,
,,,show,date,15 Jun 2025,,,15 Jun 2025,,,15 Jun 2025,,,15 Jun 2025,,
,,,hide,time,20:42:13,,,20:42:21,,,20:42:27,,,20:42:32,,
,,,hide,tag filter,ALL,,,ALL,,,ALL,,,ALL,,
,,,show,build,,,,,,,,,,,,
""
,,,,pass,2,100%,,2,100%,,2,100%,,2,100%,
,,,,fail,0,0%,,0,0%,,0,0%,,0,0%,
,,,,blocked,0,0%,,0,0%,,0,0%,,0,0%,
,,,,tried,2,100%,,2,100%,,2,100%,,2,100%,

number,indent,text,tags,notes,result,issue,comment,result,issue,comment,result,issue,comment,result,issue,comment
1,1,Visualizar anotações,,,,,,,,,,,,,,
2,2,Visualizá-las,,,pass,,,pass,,,pass,,,pass,,
3,1,Mensagens do sistema,,,,,,,,,,,,,,
4,2,Erro na BD,,,pass,,,pass,,,pass,,,pass,,
