v3,16/Jun/2025,10:17:22,UTC

SCRIPT
Name,Alterar utilizador
Description,
Created,15/Jun/2025,18:36:56

REPORT COMMENTS
(none)

,,,show,number,1,,,2,,,3,,,4,,
,,,show,tester,Vasile Karpa,,,Leandro Domingos,,,Ricardo Vicente,,,Gabriel Pereira,,
,,,show,date,15 Jun 2025,,,15 Jun 2025,,,15 Jun 2025,,,15 Jun 2025,,
,,,hide,time,20:44:22,,,20:44:28,,,20:44:32,,,20:44:38,,
,,,hide,tag filter,ALL,,,ALL,,,ALL,,,ALL,,
,,,show,build,,,,,,,,,,,,
""
,,,,pass,10,100%,,10,100%,,10,100%,,10,100%,
,,,,fail,0,0%,,0,0%,,0,0%,,0,0%,
,,,,blocked,0,0%,,0,0%,,0,0%,,0,0%,
,,,,tried,10,100%,,10,100%,,10,100%,,10,100%,

number,indent,text,tags,notes,result,issue,comment,result,issue,comment,result,issue,comment,result,issue,comment
1,1,Alteração de Utilizador,,,,,,,,,,,,,,
2,2,Alterar dados pessoais,VALID_EDIT,,pass,,,pass,,,pass,,,pass,,
3,2,Alterar palavra-passe,VALID_EDIT,,pass,,,pass,,,pass,,,pass,,
4,2,Alterar email,VALID_EDIT,,pass,,,pass,,,pass,,,pass,,
5,2,Alterar permissões de utilizador,VALID_EDIT,,pass,,,pass,,,pass,,,pass,,
6,1,Validação de Campos,,,,,,,,,,,,,,
7,2,Email inválido,INVALID_EDIT,,pass,,,pass,,,pass,,,pass,,
8,2,Email já existente,INVALID_EDIT,,pass,,,pass,,,pass,,,pass,,
9,2,Username já existente,INVALID_EDIT,,pass,,,pass,,,pass,,,pass,,
10,2,Nome com caracteres especiais,INVALID_EDIT,,pass,,,pass,,,pass,,,pass,,
11,1,Mensagens do Sistema,,,,,,,,,,,,,,
12,2,Alteração de Utilizador,VALID_EDIT SYS_MESSAGE,,pass,,,pass,,,pass,,,pass,,
13,2,Falha com a Base de Dados,VALID_OR_INVALID_EDIT SYS_MESSAGE,,pass,,,pass,,,pass,,,pass,,
