v3,16/Jun/2025,10:17:22,UTC

SCRIPT
Name,Consultar utilizador
Description,
Created,15/Jun/2025,18:36:41

REPORT COMMENTS
(none)

,,,show,number,1.2,,,2,,,3,,,4,,
,,,show,tester,Vasile Karpa,,,Diogo Almeida,,,Ricardo Vicente,,,Gabriel Pereira,,
,,,show,date,16 Jun 2025,,,15 Jun 2025,,,15 Jun 2025,,,15 Jun 2025,,
,,,hide,time,09:11:18,,,20:43:57,,,20:44:03,,,20:44:13,,
,,,hide,tag filter,ALL,,,ALL,,,ALL,,,ALL,,
,,,show,build,,,,,,,,,,,,
""
,,,,pass,5,100%,,5,100%,,5,100%,,5,100%,
,,,,fail,0,0%,,0,0%,,0,0%,,0,0%,
,,,,blocked,0,0%,,0,0%,,0,0%,,0,0%,
,,,,tried,5,100%,,5,100%,,5,100%,,5,100%,

number,indent,text,tags,notes,result,issue,comment,result,issue,comment,result,issue,comment,result,issue,comment
1,1,Funcionalidades esperadas,,,,,,,,,,,,,,
2,2,Mostrar detalhes de utilizador,,"Mostra tudo o que pode identificar aquele utilizador
",pass,,,pass,,,pass,,,pass,,
3,2,Consultar barra de pesquisa,,,pass,,,pass,,,pass,,,pass,,
4,2,Alternativo: Consultar por username inexistente,PROCURA ID INEXISTENTE,Ocorre um erro ou mensagem quando procura por um id inexistente,pass,,,pass,,,pass,,,pass,,
5,2,Redireciona,,vai para outra página após o botão de on-action,pass,,,pass,,,pass,,,pass,,
6,2,Mensagens de aviso,LIGACAO BD,,pass,,,pass,,,pass,,,pass,,
