v3,16/Jun/2025,10:17:22,UTC

SCRIPT
Name,Criar perfil de utilizador
Description,
Created,15/Jun/2025,18:38:24

REPORT COMMENTS
(none)

,,,show,number,1,,,2,,,3,,,4,,
,,,show,tester,Vasile Karpa,,,Leandro Domingos,,,Diogo Almeida,,,Ricardo Vicente,,
,,,show,date,15 Jun 2025,,,15 Jun 2025,,,15 Jun 2025,,,15 Jun 2025,,
,,,hide,time,20:45:11,,,20:45:17,,,20:45:21,,,20:45:24,,
,,,hide,tag filter,ALL,,,ALL,,,ALL,,,ALL,,
,,,show,build,,,,,,,,,,,,
""
,,,,pass,5,100%,,4,80%,,4,80%,,4,80%,
,,,,fail,0,0%,,1,20%,,1,20%,,1,20%,
,,,,blocked,0,0%,,0,0%,,0,0%,,0,0%,
,,,,tried,5,100%,,5,100%,,5,100%,,5,100%,

number,indent,text,tags,notes,result,issue,comment,result,issue,comment,result,issue,comment,result,issue,comment
1,1,Criar perfil de utilizador,,,,,,,,,,,,,,
2,2,Edit Profile,,,pass,,,fail,,,fail,,,fail,,
3,2,Logout,,,pass,,,pass,,,pass,,,pass,,
4,2,Consultar dados,,,pass,,,pass,,,pass,,,pass,,
5,1,Mensagens de Erro,,,,,,,,,,,,,,
6,2,Redireciona,,,pass,,,pass,,,pass,,,pass,,
7,2,Conexão à BD,,,pass,,,pass,,,pass,,,pass,,
