v3,16/Jun/2025,10:17:22,UTC

SCRIPT
Name,Criar utilizador
Description,
Created,15/Jun/2025,18:36:32

REPORT COMMENTS
(none)

,,,show,number,1,,,2,,,3,,,4,,
,,,show,tester,Leandro Domingos,,,Diogo Almeida,,,Ricardo Vicente,,,Gabriel Pereira,,
,,,show,date,15 Jun 2025,,,15 Jun 2025,,,15 Jun 2025,,,15 Jun 2025,,
,,,hide,time,20:43:17,,,20:43:22,,,20:43:27,,,20:43:43,,
,,,hide,tag filter,ALL,,,ALL,,,ALL,,,ALL,,
,,,show,build,,,,,,,,,,,,
""
,,,,pass,6,100%,,6,100%,,6,100%,,6,100%,
,,,,fail,0,0%,,0,0%,,0,0%,,0,0%,
,,,,blocked,0,0%,,0,0%,,0,0%,,0,0%,
,,,,tried,6,100%,,6,100%,,6,100%,,6,100%,

number,indent,text,tags,notes,result,issue,comment,result,issue,comment,result,issue,comment,result,issue,comment
1,1,Cenário Principal: Criar um utilizador – Sucesso,SUCCESS,,pass,,,pass,,,pass,,,pass,,
2,1,Cenário Alternativo 1: Cancelar a criação de um utilizador,FAIL,,pass,,,pass,,,pass,,,pass,,
3,1,Cenário Alternativo 2: Criar um utilizador com um username que já existe,FAIL,,pass,,,pass,,,pass,,,pass,,
4,1,Cenário de Exceção: Erro de conexão com a base de dados,SYS_MESSAGE,,pass,,,pass,,,pass,,,pass,,
5,1,Criar utilizador com 1 campo em branco,FAIL,,pass,,,pass,,,pass,,,pass,,
6,1,Criar utilizador utilizando email com formato errado,FAIL,,pass,,,pass,,,pass,,,pass,,
7,1,,,,,,,,,,,,,,,
