v3,16/Jun/2025,10:17:22,UTC

SCRIPT
Name,Remover utilizador
Description,
Created,15/Jun/2025,18:37:02

REPORT COMMENTS
(none)

,,,show,number,1,,,2,,,3,,,4,,
,,,show,tester,Vasile Karpa,,,Leandro Domingos,,,Diogo Almeida,,,Gabriel Pereira,,
,,,show,date,15 Jun 2025,,,15 Jun 2025,,,15 Jun 2025,,,15 Jun 2025,,
,,,hide,time,20:44:48,,,20:44:52,,,20:44:56,,,20:45:00,,
,,,hide,tag filter,ALL,,,ALL,,,ALL,,,ALL,,
,,,show,build,,,,,,,,,,,,
""
,,,,pass,6,100%,,6,100%,,6,100%,,6,100%,
,,,,fail,0,0%,,0,0%,,0,0%,,0,0%,
,,,,blocked,0,0%,,0,0%,,0,0%,,0,0%,
,,,,tried,6,100%,,6,100%,,6,100%,,6,100%,

number,indent,text,tags,notes,result,issue,comment,result,issue,comment,result,issue,comment,result,issue,comment
1,1,Remover utilizadores,,,,,,,,,,,,,,
2,2,Remover um utilizador,,,pass,,,pass,,,pass,,,pass,,
3,2,Remover vários utilizadores,,,pass,,,pass,,,pass,,,pass,,
4,2,Cancelar delete,,,pass,,,pass,,,pass,,,pass,,
5,1,Mensagem de sistema,,,,,,,,,,,,,,
6,2,Confirmação,,,pass,,,pass,,,pass,,,pass,,
7,2,Cancelamento,,,pass,,,pass,,,pass,,,pass,,
8,2,Falha na BD,,,pass,,,pass,,,pass,,,pass,,
